customer_id,total_orders,total_revenue,avg_order_value,total_quantity,avg_profit_margin,days_since_first,days_since_last,unique_products,purchase_freq,is_churned,churn_probability,churn_risk
1000,21,271119.02,12910.429523809526,99,27.43857142857143,341,18,20,1.847507331378299,0,0.0,
1001,18,237749.46,13208.303333333333,87,27.306666666666665,360,5,17,1.5,0,0.0,
1002,19,231181.09,12167.425789473684,89,27.47631578947368,319,19,17,1.786833855799373,0,0.0,
1003,18,156758.08000000002,8708.782222222224,75,28.18722222222222,347,6,16,1.5561959654178674,0,0.0,
1004,22,258325.93,11742.087727272727,99,29.154545454545453,357,0,20,1.8487394957983192,0,0.0,
1005,16,280483.35,17530.209375,89,27.25125,347,18,16,1.38328530259366,0,0.0,
1006,21,223470.31,10641.443333333333,107,29.034285714285716,333,34,19,1.8918918918918919,0,0.0,
1007,27,267242.93,9897.886296296296,126,28.32740740740741,329,5,25,2.4620060790273555,0,0.0,
1008,16,93466.06,5841.62875,52,27.478125,359,8,16,1.3370473537604457,0,0.0,
1009,20,240803.41,12040.1705,85,27.575499999999998,339,5,19,1.7699115044247786,0,0.0,
1010,16,216761.72,13547.6075,92,27.28125,308,8,14,1.5584415584415583,0,0.0,
1011,27,355054.06,13150.150370370371,125,29.14666666666667,338,6,26,2.396449704142012,0,0.0,
1012,26,383750.29,14759.626538461538,139,28.673461538461538,356,0,26,2.191011235955056,0,0.0,
1013,25,364419.02,14576.7608,134,27.256,361,5,24,2.0775623268698062,0,0.0,
1014,16,200267.85,12516.740625,75,26.82625,359,17,14,1.3370473537604457,0,0.0,
1015,19,258793.33000000002,13620.70157894737,105,30.35263157894737,339,21,19,1.6814159292035398,0,0.0,
1016,22,271650.7,12347.759090909092,99,28.517272727272726,347,7,21,1.9020172910662825,0,0.0,
1017,19,192885.6,10151.873684210526,83,29.63684210526316,346,0,18,1.647398843930636,0,0.0,
1018,19,182777.51,9619.86894736842,79,26.800526315789476,335,6,16,1.7014925373134329,0,0.0,
1019,21,254887.68,12137.50857142857,110,26.65047619047619,344,4,21,1.8313953488372092,0,0.0,
1020,18,233788.13,12988.229444444445,77,30.53277777777778,363,35,16,1.4876033057851241,0,0.0,
1021,23,253450.86,11019.602608695652,109,29.859565217391303,362,24,22,1.9060773480662985,0,0.0,
1022,14,159180.41,11370.029285714287,65,28.865000000000002,339,8,14,1.238938053097345,0,0.0,
1023,9,127413.87000000001,14157.096666666668,46,24.015555555555554,275,24,8,0.9818181818181819,0,0.03,Low Risk
1024,28,346934.06,12390.502142857144,147,28.56392857142857,334,2,25,2.51497005988024,0,0.0,
1025,16,202555.64,12659.7275,89,28.78,345,11,16,1.391304347826087,0,0.0,
1026,11,138041.86000000002,12549.260000000002,70,22.126363636363635,348,20,11,0.9482758620689655,0,0.01,Low Risk
1027,23,226869.07,9863.872608695652,110,25.380434782608695,358,44,20,1.9273743016759777,0,0.0,
1028,20,276845.97,13842.298499999999,73,26.186500000000002,356,53,19,1.6853932584269662,0,0.0,
1029,19,338814.67,17832.351052631577,114,23.791052631578946,323,1,18,1.7647058823529411,0,0.0,
1030,11,108722.06999999999,9883.824545454545,54,29.313636363636363,316,24,11,1.0443037974683544,0,0.06,Low Risk
1031,16,158260.2,9891.2625,75,26.900625,303,2,15,1.5841584158415842,0,0.05,Low Risk
1032,7,40975.46,5853.637142857143,39,25.757142857142856,358,57,7,0.5865921787709497,0,0.03,Low Risk
1033,15,179729.74,11981.982666666667,76,24.63,325,0,14,1.3846153846153846,0,0.0,
1034,24,329751.52,13739.646666666667,123,28.009583333333335,361,7,23,1.994459833795014,0,0.0,
1035,15,153398.94999999998,10226.596666666666,72,31.62066666666667,356,20,15,1.2640449438202246,0,0.0,
1036,13,203904.82,15684.986153846154,65,29.240000000000002,350,39,13,1.1142857142857143,0,0.0,
1037,20,255324.67,12766.2335,107,27.841500000000003,348,30,20,1.7241379310344829,0,0.0,
1038,29,362682.48,12506.292413793102,144,27.183793103448277,345,3,27,2.5217391304347827,0,0.0,
1039,16,158657.96,9916.1225,82,28.60125,316,93,16,1.518987341772152,1,0.71,High Risk
1040,22,304677.27,13848.96681818182,123,27.669545454545457,359,16,22,1.8384401114206128,0,0.0,
1041,23,295986.95,12868.997826086958,100,27.73913043478261,357,0,20,1.9327731092436975,0,0.0,
1042,16,159864.45,9991.528125,80,26.9,338,18,16,1.4201183431952662,0,0.0,
1043,22,277592.5,12617.84090909091,109,27.429090909090913,360,4,20,1.8333333333333333,0,0.0,
1044,18,272402.7,15133.483333333334,106,26.658333333333335,356,15,18,1.5168539325842696,0,0.0,
1045,21,339688.15,16175.626190476192,115,26.981428571428573,347,9,21,1.8155619596541788,0,0.0,
1046,26,277017.77,10654.529615384616,135,27.140384615384615,342,14,23,2.280701754385965,0,0.0,
1047,19,243200.53,12800.027894736842,96,27.396842105263158,358,8,19,1.5921787709497206,0,0.0,
1048,22,332612.58,15118.753636363637,130,29.44454545454545,362,11,17,1.8232044198895028,0,0.0,
1049,16,255244.11,15952.756875,96,27.961875,360,32,15,1.3333333333333333,0,0.0,
1050,20,201163.54,10058.177,87,26.068,362,3,17,1.6574585635359116,0,0.0,
1051,14,140811.51,10057.965,71,28.302857142857142,356,25,14,1.1797752808988764,0,0.02,Low Risk
1052,18,241303.53,13405.751666666667,76,26.01611111111111,361,8,17,1.4958448753462603,0,0.0,
1053,24,208893.47,8703.894583333333,113,28.957916666666666,360,22,22,2.0,0,0.0,
1054,19,197142.71,10375.932105263157,77,29.097894736842107,362,13,18,1.574585635359116,0,0.0,
1055,16,183837.72,11489.8575,85,25.235625,320,17,16,1.5,0,0.01,Low Risk
1056,15,169291.27,11286.084666666666,74,28.660666666666668,334,0,15,1.347305389221557,0,0.0,
1057,21,290576.96,13836.998095238096,97,27.21857142857143,346,20,20,1.8208092485549132,0,0.0,
1058,28,310149.18,11076.756428571429,152,27.771428571428572,362,27,25,2.320441988950276,0,0.0,
1059,15,161940.74,10796.049333333332,72,25.724666666666668,350,39,15,1.2857142857142858,0,0.0,
1060,19,244747.06,12881.424210526317,94,28.95263157894737,321,18,18,1.7757009345794394,0,0.0,
1061,20,167440.78,8372.039,95,29.2805,358,17,18,1.675977653631285,0,0.0,
1062,24,304542.32,12689.263333333334,124,28.145833333333332,358,11,22,2.011173184357542,0,0.0,
1063,13,184895.16,14222.704615384615,60,25.050769230769234,296,2,13,1.3175675675675675,0,0.0,
1064,19,232894.6,12257.61052631579,98,29.152105263157893,359,22,18,1.5877437325905293,0,0.0,
1065,16,239614.09999999998,14975.881249999999,88,28.47125,356,10,14,1.348314606741573,0,0.0,
1066,13,162271.63,12482.433076923076,70,24.76846153846154,318,19,13,1.2264150943396226,0,0.01,Low Risk
1067,19,324536.83,17080.885789473687,109,26.34578947368421,349,11,19,1.6332378223495703,0,0.0,
1068,23,333240.75,14488.728260869566,114,28.21260869565217,341,8,19,2.0234604105571847,0,0.0,
1069,21,263703.01,12557.28619047619,119,25.291428571428572,332,3,20,1.8975903614457832,0,0.0,
1070,13,121190.16,9322.32,66,30.685384615384613,254,8,12,1.5354330708661417,0,0.02,Low Risk
1071,21,265994.92,12666.424761904762,117,29.448571428571427,363,1,21,1.7355371900826446,0,0.0,
1072,22,283034.41000000003,12865.200454545457,108,28.236818181818183,321,14,21,2.0560747663551404,0,0.0,
1073,17,268188.16,15775.774117647057,85,28.250588235294117,333,2,17,1.5315315315315317,0,0.0,
1074,23,229319.18,9970.399130434782,95,25.87826086956522,350,35,23,1.9714285714285715,0,0.0,
1075,25,228244.01,9129.760400000001,98,26.027600000000003,341,48,21,2.19941348973607,0,0.0,
1076,13,141510.55,10885.426923076922,49,26.318461538461538,281,44,13,1.387900355871886,0,0.039,Low Risk
1077,17,341785.61,20105.03588235294,105,25.23705882352941,326,9,16,1.5644171779141103,0,0.0,
1078,21,232679.47,11079.974761904761,98,27.933333333333334,278,10,20,2.266187050359712,0,0.0,
1079,7,113251.64,16178.805714285714,43,28.43142857142857,330,36,7,0.6363636363636364,0,0.06,Low Risk
1080,15,163808.73,10920.582,77,27.273333333333333,361,6,15,1.2465373961218837,0,0.0,
1081,21,350039.4,16668.542857142857,128,30.104761904761908,328,15,19,1.920731707317073,0,0.0,
1082,15,213385.9,14225.726666666666,86,31.060000000000002,326,24,14,1.3803680981595092,0,0.0,
1083,26,273348.47,10513.40269230769,113,24.827692307692306,335,1,25,2.328358208955224,0,0.0,
1084,13,179503.58,13807.967692307691,78,31.824615384615388,326,6,13,1.196319018404908,0,0.0,
1085,21,287057.68,13669.413333333334,106,27.36571428571429,340,4,20,1.852941176470588,0,0.0,
1086,20,282301.52,14115.076000000001,98,26.183,302,10,20,1.9867549668874174,0,0.0,
1087,14,194131.97,13866.569285714286,87,26.952142857142857,363,1,14,1.15702479338843,0,0.0,
1088,21,248626.46,11839.355238095237,87,23.8,361,17,21,1.745152354570637,0,0.0,
1089,27,320985.42,11888.348888888888,132,28.785925925925927,337,11,23,2.4035608308605343,0,0.0,
1090,9,112992.88,12554.764444444445,43,27.79222222222222,332,96,9,0.8132530120481928,1,0.779,High Risk
1091,20,167173.02000000002,8358.651000000002,82,25.414,361,13,20,1.662049861495845,0,0.0,
1092,23,350554.27,15241.490000000002,122,27.057826086956524,337,8,21,2.047477744807122,0,0.0,
1093,17,254195.76,14952.691764705884,94,26.663529411764706,340,15,17,1.5,0,0.0,
1094,20,303589.87,15179.4935,104,28.0115,346,32,20,1.7341040462427746,0,0.0,
1095,22,208748.76,9488.58,110,28.325,356,21,19,1.8539325842696628,0,0.0,
1096,18,227735.63,12651.979444444445,103,27.215,352,16,17,1.5340909090909092,0,0.0,
1097,24,294218.97000000003,12259.12375,120,25.293750000000003,352,10,23,2.0454545454545454,0,0.0,
1098,26,253356.1,9744.465384615385,115,26.621153846153845,358,24,24,2.17877094972067,0,0.0,
1099,18,297076.85,16504.269444444442,99,28.924999999999997,363,9,17,1.4876033057851241,0,0.0,
1100,26,414756.04,15952.155384615384,158,29.275,357,15,24,2.1848739495798317,0,0.0,
1101,18,146236.31,8124.239444444444,87,26.916666666666668,293,52,18,1.8430034129692832,0,0.03,Low Risk
1102,16,141078.03,8817.376875,71,26.62125,363,18,16,1.322314049586777,0,0.0,
1103,23,184673.58000000002,8029.286086956522,92,30.703478260869563,349,34,18,1.9770773638968482,0,0.0,
1104,14,182537.37,13038.38357142857,81,25.967857142857145,337,18,14,1.2462908011869438,0,0.0,
1105,25,305814.32,12232.5728,137,26.9688,360,6,24,2.0833333333333335,0,0.0,
1106,17,206396.21000000002,12140.953529411767,87,26.409999999999997,363,8,17,1.4049586776859504,0,0.0,
1107,21,270570.16,12884.293333333331,116,27.583809523809524,355,11,21,1.7746478873239435,0,0.0,
1108,25,219921.0,8796.84,96,26.7104,334,20,24,2.245508982035928,0,0.0,
1109,15,169697.55,11313.17,57,29.97733333333333,306,1,14,1.4705882352941178,0,0.0,
1110,28,370798.73,13242.811785714284,146,27.111785714285713,322,36,27,2.608695652173913,0,0.0,
1111,23,359585.81,15634.165652173913,120,28.098260869565216,351,0,22,1.965811965811966,0,0.0,
1112,27,282105.03,10448.334444444445,129,28.12888888888889,354,26,25,2.2881355932203387,0,0.0,
1113,16,173303.93,10831.495625,76,27.151875,345,17,16,1.391304347826087,0,0.0,
1114,9,107154.02,11906.002222222223,50,28.345555555555556,309,35,9,0.8737864077669902,0,0.089,Low Risk
1115,23,330236.51,14358.109130434783,94,26.748260869565218,355,32,21,1.9436619718309858,0,0.0,
1116,22,212390.03,9654.092272727272,82,27.969090909090912,342,15,21,1.9298245614035088,0,0.0,
1117,29,384753.31,13267.35551724138,121,27.29448275862069,341,12,28,2.5513196480938416,0,0.0,
1118,19,266692.55,14036.449999999999,108,28.83263157894737,327,7,17,1.7431192660550459,0,0.0,
1119,18,220279.38,12237.743333333334,75,28.517777777777773,350,3,18,1.542857142857143,0,0.0,
1120,13,136106.8,10469.753846153846,69,27.086923076923078,355,6,13,1.0985915492957745,0,0.019,Low Risk
1121,24,303981.87,12665.91125,118,24.78708333333333,363,7,24,1.9834710743801653,0,0.0,
1122,13,92499.54,7115.34923076923,42,24.43,353,9,13,1.1048158640226629,0,0.0,
1123,13,166804.79,12831.137692307693,62,27.69076923076923,342,72,12,1.1403508771929824,0,0.0,
1124,19,228638.37,12033.598421052631,89,29.5,343,5,17,1.661807580174927,0,0.0,
1125,24,205108.03,8546.167916666667,90,26.78125,353,24,23,2.039660056657224,0,0.0,
1126,20,208472.93,10423.646499999999,100,26.2635,345,47,20,1.7391304347826086,0,0.0,
1127,21,181994.1,8666.385714285714,82,25.928571428571427,355,25,21,1.7746478873239435,0,0.0,
1128,22,333340.92,15151.859999999999,110,29.92318181818182,359,4,22,1.8384401114206128,0,0.0,
1129,25,251589.47,10063.5788,106,27.13,353,6,22,2.1246458923512748,0,0.0,
1130,16,263167.87,16447.991875,82,29.8775,363,13,16,1.322314049586777,0,0.0,
1131,20,295757.06,14787.853,120,28.3995,332,6,20,1.8072289156626506,0,0.0,
1132,16,166129.24000000002,10383.077500000001,77,29.886875,326,68,16,1.4723926380368098,0,0.02,Low Risk
1133,23,294843.97000000003,12819.303043478261,130,28.02521739130435,356,9,22,1.9382022471910112,0,0.0,
1134,12,115804.31,9650.359166666667,56,25.885833333333334,361,4,12,0.997229916897507,0,0.01,Low Risk
1135,17,220251.57,12955.974705882354,93,26.73176470588235,359,53,16,1.4206128133704736,0,0.0,
1136,22,240433.65,10928.802272727273,103,28.26,355,15,22,1.8591549295774648,0,0.0,
1137,19,268734.94,14143.944210526315,94,32.95947368421053,323,60,18,1.7647058823529411,0,0.0,
1138,18,184061.32,10225.628888888888,82,25.880555555555556,358,1,17,1.5083798882681565,0,0.0,
1139,17,226661.49,13333.028823529412,78,28.901176470588236,350,0,16,1.4571428571428573,0,0.0,
1140,25,317550.17,12702.0068,132,28.992800000000003,333,39,22,2.2522522522522523,0,0.0,
1141,13,148189.81,11399.216153846153,56,23.744615384615386,344,44,13,1.1337209302325582,0,0.01,Low Risk
1142,21,308831.16000000003,14706.245714285717,108,25.862380952380953,356,41,18,1.7696629213483146,0,0.0,
1143,21,265494.03,12642.572857142859,122,30.17809523809524,352,12,20,1.7897727272727273,0,0.0,
1144,20,270999.5,13549.975,112,26.571499999999997,342,3,20,1.7543859649122806,0,0.0,
1145,26,298110.28,11465.78,110,24.906538461538464,333,26,25,2.3423423423423424,0,0.0,
1146,28,442654.16,15809.077142857142,170,27.65142857142857,352,21,27,2.3863636363636367,0,0.0,
1147,25,310557.78,12422.311200000002,129,28.2836,352,12,24,2.1306818181818183,0,0.0,
1148,26,288552.5,11098.173076923076,130,25.683846153846154,330,4,22,2.3636363636363638,0,0.0,
1149,19,235883.75,12414.934210526315,103,25.468421052631577,363,21,18,1.5702479338842976,0,0.0,
1150,20,243269.28,12163.464,103,25.58,351,19,20,1.7094017094017095,0,0.0,
1151,24,345741.67,14405.902916666666,141,27.757499999999997,363,15,24,1.9834710743801653,0,0.0,
1152,17,229677.48,13510.44,110,27.120588235294118,349,38,17,1.4613180515759312,0,0.0,
1153,33,340648.14,10322.67090909091,154,28.32212121212121,325,7,31,3.046153846153846,0,0.0,
1154,18,221753.0,12319.611111111111,90,26.598333333333333,345,8,18,1.565217391304348,0,0.0,
1155,19,208086.36000000002,10951.913684210527,86,26.296315789473685,329,59,19,1.7325227963525835,0,0.0,
1156,18,254021.34,14112.296666666667,114,27.057222222222222,359,12,17,1.5041782729805013,0,0.0,
1157,20,155917.09,7795.8544999999995,78,26.8855,348,18,20,1.7241379310344829,0,0.0,
1158,11,172650.66,15695.514545454545,61,23.111818181818183,309,72,11,1.0679611650485437,0,0.0,
1159,24,290342.53,12097.605416666667,130,29.512916666666666,356,50,22,2.0224719101123596,0,0.0,
1160,26,473632.32,18216.62769230769,157,28.157307692307693,362,1,25,2.154696132596685,0,0.0,
1161,22,284460.93,12930.042272727273,97,27.24090909090909,360,9,21,1.8333333333333333,0,0.0,
1162,22,330301.49,15013.70409090909,126,26.54090909090909,358,67,20,1.8435754189944134,0,0.0,
1163,24,244374.99,10182.29125,113,25.85291666666667,336,39,21,2.142857142857143,0,0.0,
1164,17,166805.59,9812.093529411764,65,28.688823529411767,354,29,15,1.4406779661016949,0,0.0,
1165,19,229459.12,12076.795789473685,93,25.36894736842105,323,16,18,1.7647058823529411,0,0.0,
1166,15,236010.12,15734.008,77,25.624666666666666,361,4,14,1.2465373961218837,0,0.0,
1167,17,167063.09,9827.240588235294,77,30.269411764705886,338,15,16,1.5088757396449703,0,0.0,
1168,16,211124.69,13195.293125,91,27.32875,349,7,16,1.3753581661891119,0,0.0,
1169,16,175499.79,10968.736875,75,26.93875,362,18,16,1.3259668508287292,0,0.0,
1170,20,316685.67,15834.2835,101,30.091,356,22,19,1.6853932584269662,0,0.0,
1171,15,254289.80000000002,16952.653333333335,80,27.06066666666667,358,1,15,1.2569832402234637,0,0.0,
1172,29,362184.24,12489.11172413793,156,25.427241379310345,344,36,27,2.5290697674418605,0,0.0,
1173,13,144320.54,11101.58,48,26.740000000000002,346,13,13,1.1271676300578035,0,0.019,Low Risk
1174,20,226918.29,11345.9145,88,26.6135,303,2,19,1.9801980198019802,0,0.0,
1175,16,137102.9,8568.93125,80,29.484375,348,16,16,1.3793103448275863,0,0.0,
1176,20,233225.51,11661.2755,100,27.3885,336,1,19,1.7857142857142858,0,0.0,
1177,18,203155.63999999998,11286.424444444443,85,26.772777777777776,338,33,17,1.5976331360946745,0,0.0,
1178,21,263308.67,12538.508095238094,103,28.954285714285714,357,22,21,1.7647058823529411,0,0.0,
1179,19,289329.93,15227.89105263158,103,29.776315789473685,354,2,18,1.6101694915254237,0,0.0,
1180,23,276785.43,12034.149130434782,111,28.916086956521735,346,8,22,1.9942196531791907,0,0.0,
1181,20,262212.24,13110.612,83,25.203,332,25,17,1.8072289156626506,0,0.0,
1182,21,254188.46,12104.21238095238,89,28.154761904761905,336,9,20,1.8750000000000002,0,0.0,
1183,19,203123.39,10690.704736842106,103,28.35578947368421,353,13,17,1.6147308781869687,0,0.0,
1184,12,189504.53,15792.044166666667,63,26.2975,340,20,11,1.0588235294117647,0,0.0,
1185,12,98965.64,8247.136666666667,57,29.26,344,1,12,1.0465116279069768,0,0.0,
1186,27,359041.99,13297.85148148148,134,27.776666666666667,356,9,27,2.2752808988764044,0,0.0,
1187,29,347348.87,11977.54724137931,127,27.43758620689655,362,27,28,2.403314917127072,0,0.0,
1188,19,220806.74,11621.407368421053,99,26.062105263157896,363,4,17,1.5702479338842976,0,0.0,
1189,23,280867.19,12211.616956521739,107,26.650000000000002,359,31,23,1.9220055710306407,0,0.0,
1190,21,258640.88999999998,12316.232857142857,90,30.464285714285715,360,18,20,1.75,0,0.0,
1191,28,318730.38,11383.227857142858,136,28.204642857142858,362,8,27,2.320441988950276,0,0.0,
1192,12,88534.94,7377.911666666667,56,25.295833333333334,296,25,12,1.2162162162162162,0,0.05,Low Risk
1193,14,223437.31,15959.807857142858,74,25.972857142857144,349,1,14,1.2034383954154728,0,0.0,
1194,19,187612.65,9874.35,94,29.78421052631579,348,38,19,1.6379310344827587,0,0.0,
1195,18,203629.09999999998,11312.727777777776,83,27.07166666666667,343,26,17,1.5743440233236152,0,0.0,
1196,15,217990.78,14532.718666666666,86,28.47533333333333,328,6,15,1.371951219512195,0,0.0,
1197,20,234584.16,11729.208,104,29.422000000000004,355,20,18,1.6901408450704225,0,0.0,
1198,14,172418.99,12315.642142857143,74,29.030714285714286,351,11,14,1.1965811965811965,0,0.0,
1199,15,211222.73,14081.515333333335,80,25.418666666666663,308,3,15,1.461038961038961,0,0.0,
1200,21,213136.7,10149.366666666667,95,28.25238095238095,358,28,21,1.759776536312849,0,0.0,
1201,20,306037.25,15301.8625,121,27.8585,360,85,20,1.6666666666666667,0,0.0,
1202,17,206173.57,12127.85705882353,99,23.38058823529412,353,15,17,1.4447592067988668,0,0.0,
1203,13,123691.47,9514.728461538461,59,26.233846153846155,340,17,13,1.1470588235294117,0,0.01,Low Risk
1204,12,121393.93,10116.160833333333,45,29.175,326,10,12,1.1042944785276072,0,0.01,Low Risk
1205,21,304404.26,14495.440952380954,113,26.046666666666667,361,21,21,1.745152354570637,0,0.0,
1206,16,165333.99,10333.374375,76,30.044375000000002,357,23,14,1.3445378151260503,0,0.0,
1207,24,287927.15,11996.964583333334,117,27.193749999999998,359,0,23,2.0055710306406684,0,0.0,
1208,20,235629.16,11781.458,125,27.926,298,17,19,2.013422818791946,0,0.0,
1209,17,200906.02,11818.001176470587,80,31.314117647058826,308,0,17,1.6558441558441557,0,0.0,
1210,15,174403.47999999998,11626.898666666666,71,28.625999999999998,303,20,15,1.4851485148514851,0,0.0,
1211,15,132242.55,8816.17,77,27.153333333333332,328,5,15,1.371951219512195,0,0.02,Low Risk
1212,19,249121.0,13111.631578947368,78,30.248947368421053,359,2,19,1.5877437325905293,0,0.0,
1213,30,471554.28,15718.476,137,28.58,357,6,29,2.5210084033613445,0,0.0,
1214,24,437501.75,18229.239583333332,141,26.982916666666668,363,17,23,1.9834710743801653,0,0.0,
1215,22,410593.26,18663.33,125,27.936818181818182,358,4,22,1.8435754189944134,0,0.0,
1216,20,260924.24,13046.212,98,29.2935,359,14,20,1.6713091922005572,0,0.0,
1217,21,219685.38,10461.208571428571,110,29.39761904761905,360,1,21,1.75,0,0.0,
1218,14,171224.97,12230.355,72,22.902142857142856,296,20,13,1.4189189189189189,0,0.0,
1219,24,328919.17000000004,13704.965416666668,117,28.015416666666667,353,3,22,2.039660056657224,0,0.0,
1220,16,240273.13999999998,15017.071249999999,95,25.813125,334,43,15,1.437125748502994,0,0.0,
1221,21,252723.97,12034.474761904761,101,27.304761904761904,356,9,21,1.7696629213483146,0,0.0,
1222,20,271061.47,13553.073499999999,79,26.871999999999996,346,6,20,1.7341040462427746,0,0.0,
1223,21,242917.31,11567.490952380953,110,29.656190476190474,353,18,20,1.7847025495750708,0,0.0,
1224,17,260826.66,15342.744705882353,92,28.483529411764707,355,43,16,1.436619718309859,0,0.0,
1225,24,315487.39999999997,13145.308333333332,123,27.645416666666666,348,1,22,2.0689655172413794,0,0.0,
1226,24,221992.89,9249.70375,110,27.39,357,33,24,2.0168067226890756,0,0.0,
1227,18,256304.66,14239.147777777778,85,30.046111111111113,328,5,17,1.646341463414634,0,0.0,
1228,21,356900.16000000003,16995.245714285717,116,26.484761904761907,342,0,21,1.8421052631578947,0,0.0,
1229,14,97679.13,6977.080714285715,60,29.044999999999998,348,33,14,1.206896551724138,0,0.0,
1230,15,228495.84,15233.056,77,25.537333333333333,358,70,15,1.2569832402234637,0,0.0,
1231,18,220000.75,12222.263888888889,105,29.541666666666668,295,2,18,1.830508474576271,0,0.0,
1232,21,202804.78,9657.370476190476,90,29.651904761904763,355,11,21,1.7746478873239435,0,0.0,
1233,11,129910.18000000001,11810.016363636365,56,26.10090909090909,354,2,11,0.9322033898305084,0,0.029,Low Risk
1234,15,89709.67,5980.644666666666,62,25.611333333333334,334,56,13,1.347305389221557,0,0.01,Low Risk
1235,20,187263.18,9363.159,102,30.939999999999998,362,4,20,1.6574585635359116,0,0.0,
1236,25,380014.88,15200.5952,138,24.104400000000002,359,34,25,2.0891364902506964,0,0.0,
1237,14,155785.75,11127.55357142857,64,29.630714285714284,348,7,14,1.206896551724138,0,0.0,
1238,23,313353.86,13624.080869565218,111,27.25521739130435,341,20,23,2.0234604105571847,0,0.0,
1239,12,137097.68,11424.806666666665,55,29.011666666666667,352,5,12,1.0227272727272727,0,0.0,
1240,14,188430.62,13459.33,60,23.580714285714286,356,24,14,1.1797752808988764,0,0.0,
1241,20,211909.76,10595.488000000001,80,25.680500000000002,337,3,19,1.7804154302670625,0,0.0,
1242,11,146922.27000000002,13356.570000000002,46,25.847272727272728,316,66,11,1.0443037974683544,0,0.049,Low Risk
1243,12,128761.57,10730.130833333335,54,28.765833333333333,362,3,12,0.994475138121547,0,0.0,
1244,15,210016.08,14001.071999999998,71,26.724,289,30,15,1.5570934256055364,0,0.0,
1245,25,357438.38,14297.5352,136,27.081999999999997,345,1,24,2.1739130434782608,0,0.0,
1246,27,309263.62,11454.208148148147,130,25.80888888888889,353,14,25,2.2946175637393766,0,0.0,
1247,13,145791.27000000002,11214.713076923079,68,28.89153846153846,247,3,13,1.5789473684210529,0,0.0,
1248,17,261613.93,15389.054705882352,90,26.01058823529412,337,44,17,1.513353115727003,0,0.0,
1249,17,222439.05,13084.65,98,25.795294117647057,339,5,17,1.5044247787610618,0,0.0,
1250,23,279021.07,12131.350869565218,101,28.278695652173912,327,0,22,2.110091743119266,0,0.0,
1251,15,214863.75,14324.25,89,25.25133333333333,360,100,15,1.25,1,0.31,Medium Risk
1252,15,138048.86,9203.257333333333,59,27.79733333333333,362,5,15,1.2430939226519337,0,0.0,
1253,17,189616.81,11153.93,62,27.600588235294115,350,1,17,1.4571428571428573,0,0.0,
1254,12,144615.01,12051.250833333334,54,30.334166666666665,357,58,12,1.0084033613445378,0,0.0,
1255,18,267510.37,14861.687222222223,98,26.448333333333334,346,31,17,1.560693641618497,0,0.0,
1256,14,156568.45,11183.460714285715,67,24.629285714285714,357,6,13,1.1764705882352942,0,0.019,Low Risk
1257,18,171022.66,9501.25888888889,75,24.802777777777777,363,2,18,1.4876033057851241,0,0.0,
1258,14,132054.49,9432.46357142857,63,25.51214285714286,352,44,14,1.1931818181818183,0,0.0,
1259,24,213566.99,8898.624583333332,92,27.965833333333332,360,27,22,2.0,0,0.0,
1260,14,155323.56,11094.539999999999,79,27.669285714285714,358,40,14,1.1731843575418994,0,0.019,Low Risk
1261,17,134060.12,7885.889411764706,68,28.01,343,8,17,1.4868804664723032,0,0.0,
1262,11,77996.68,7090.607272727272,51,27.60363636363636,351,12,10,0.9401709401709403,0,0.05,Low Risk
1263,25,258401.13,10336.0452,104,26.416,361,31,25,2.0775623268698062,0,0.0,
1264,15,147201.74,9813.449333333332,53,28.891333333333332,361,14,15,1.2465373961218837,0,0.0,
1265,19,229624.88,12085.52,100,26.76842105263158,302,3,18,1.8874172185430464,0,0.0,
1266,21,230740.51,10987.643333333333,99,27.476190476190474,351,5,19,1.794871794871795,0,0.0,
1267,22,262326.48,11923.930909090908,94,28.985,358,6,21,1.8435754189944134,0,0.0,
1268,21,250443.01,11925.85761904762,120,25.47190476190476,342,10,19,1.8421052631578947,0,0.0,
1269,16,227213.30000000002,14200.831250000001,79,27.07375,360,18,16,1.3333333333333333,0,0.0,
1270,27,276023.71,10223.100370370372,109,23.909259259259258,363,8,26,2.231404958677686,0,0.0,
1271,15,176135.23,11742.348666666667,77,26.163333333333334,341,9,15,1.3196480938416422,0,0.0,
1272,31,380255.72,12266.313548387096,144,27.45483870967742,345,13,30,2.6956521739130435,0,0.0,
1273,13,151226.58000000002,11632.813846153847,75,26.767692307692307,361,15,12,1.0803324099722993,0,0.019,Low Risk
1274,18,201533.85,11196.325,90,25.911666666666665,342,0,17,1.5789473684210527,0,0.0,
1275,16,213625.3,13351.58125,81,24.44625,265,10,15,1.811320754716981,0,0.0,
1276,20,190419.38999999998,9520.9695,101,27.291000000000004,349,22,20,1.7191977077363898,0,0.0,
1277,23,317482.89,13803.603913043478,118,27.93913043478261,341,9,23,2.0234604105571847,0,0.0,
1278,20,293539.0,14676.95,109,26.387999999999998,342,0,19,1.7543859649122806,0,0.0,
1279,18,265636.43,14757.579444444444,95,25.92,359,0,17,1.5041782729805013,0,0.0,
1280,14,186275.66,13305.404285714287,69,28.482857142857142,346,74,14,1.2138728323699421,0,0.0,
1281,23,242217.12,10531.179130434783,107,27.050434782608693,327,2,22,2.110091743119266,0,0.0,
1282,27,395763.92,14657.922962962963,148,28.322592592592596,357,2,27,2.26890756302521,0,0.0,
1283,20,262612.3,13130.615,102,28.4945,356,17,19,1.6853932584269662,0,0.0,
1284,22,294459.7,13384.531818181818,109,25.99909090909091,340,25,21,1.9411764705882353,0,0.0,
1285,18,184410.59,10245.032777777778,79,30.161666666666665,355,11,17,1.5211267605633803,0,0.0,
1286,18,261338.78,14518.82111111111,95,30.228333333333335,307,2,16,1.7589576547231272,0,0.0,
1287,28,356847.64,12744.558571428572,137,28.780357142857145,345,21,26,2.4347826086956523,0,0.0,
1288,20,284523.87,14226.1935,113,26.939,358,2,19,1.675977653631285,0,0.0,
1289,17,209805.2,12341.482352941177,87,26.263529411764708,341,27,16,1.4956011730205279,0,0.0,
1290,18,234250.6,13013.922222222223,101,29.072777777777773,312,1,17,1.7307692307692306,0,0.0,
1291,20,225799.69999999998,11289.984999999999,94,29.131,332,5,19,1.8072289156626506,0,0.0,
1292,22,292042.0,13274.636363636364,109,27.90909090909091,358,8,22,1.8435754189944134,0,0.0,
1293,24,343991.5,14332.979166666666,134,28.346666666666668,363,3,21,1.9834710743801653,0,0.0,
1294,18,231171.47999999998,12842.859999999999,75,28.151111111111113,354,26,17,1.5254237288135593,0,0.0,
1295,21,273007.92,13000.377142857142,118,27.03142857142857,359,0,21,1.7548746518105849,0,0.0,
1296,5,25926.3,5185.26,16,25.942,270,44,5,0.5555555555555556,0,0.09,Low Risk
1297,15,198810.82,13254.054666666667,78,27.995333333333335,267,2,14,1.6853932584269662,0,0.0,
1298,12,111491.34,9290.945,47,27.49416666666667,345,11,11,1.0434782608695652,0,0.06,Low Risk
1299,9,89716.67,9968.518888888888,33,25.075555555555557,318,78,8,0.8490566037735849,0,0.11,Low Risk
1300,20,266672.46,13333.623000000001,100,26.365000000000002,359,11,18,1.6713091922005572,0,0.0,
1301,24,334448.5,13935.354166666666,153,29.74666666666667,346,12,24,2.0809248554913293,0,0.0,
1302,25,273119.2,10924.768,135,28.1804,330,45,22,2.272727272727273,0,0.0,
1303,21,215105.53,10243.120476190476,102,29.40904761904762,360,3,20,1.75,0,0.0,
1304,24,263157.55,10964.897916666667,121,27.45125,343,25,22,2.0991253644314867,0,0.0,
1305,15,173305.55,11553.703333333333,66,28.589333333333332,345,4,14,1.3043478260869565,0,0.0,
1306,15,203228.78,13548.585333333333,79,26.798000000000002,361,5,13,1.2465373961218837,0,0.0,
1307,16,245537.49,15346.093125,105,25.641875,351,39,16,1.3675213675213675,0,0.0,
1308,17,179694.93,10570.289999999999,71,30.762352941176474,363,0,17,1.4049586776859504,0,0.0,
1309,27,265374.72,9828.693333333333,130,26.240000000000002,360,0,26,2.25,0,0.0,
1310,15,228716.1,15247.74,99,30.348666666666663,326,80,15,1.3803680981595092,0,0.0,
1311,14,168434.16,12031.011428571428,62,27.857142857142858,331,39,14,1.2688821752265862,0,0.01,Low Risk
1312,29,421580.28,14537.251034482759,144,26.74827586206897,344,3,27,2.5290697674418605,0,0.0,
1313,24,249927.08000000002,10413.628333333334,120,27.355416666666667,362,19,22,1.988950276243094,0,0.0,
1314,16,177133.81,11070.863125,84,28.4025,354,34,15,1.3559322033898304,0,0.0,
1315,22,332590.05,15117.729545454546,112,28.931818181818183,361,24,22,1.8282548476454294,0,0.0,
1316,14,199485.01,14248.929285714286,84,27.964285714285715,347,19,13,1.2103746397694524,0,0.0,
1317,26,353570.68,13598.872307692307,137,28.618846153846157,355,12,24,2.197183098591549,0,0.0,
1318,20,189466.54,9473.327000000001,97,28.347500000000004,342,13,20,1.7543859649122806,0,0.0,
1319,20,256655.21000000002,12832.7605,101,28.5375,362,17,19,1.6574585635359116,0,0.0,
1320,23,301660.98,13115.694782608694,117,28.431304347826085,344,0,21,2.005813953488372,0,0.0,
1321,14,172037.13,12288.36642857143,80,28.342142857142857,344,9,14,1.2209302325581395,0,0.0,
1322,18,315738.95,17541.05277777778,107,27.19388888888889,346,26,17,1.560693641618497,0,0.0,
1323,22,231933.1,10542.413636363637,116,27.55272727272727,353,0,20,1.8696883852691217,0,0.0,
1324,20,200873.24,10043.662,94,28.1415,352,29,20,1.7045454545454546,0,0.0,
1325,18,289332.36,16074.019999999999,99,29.65222222222222,352,21,17,1.5340909090909092,0,0.0,
1326,19,271226.83,14275.096315789475,110,26.17,359,21,19,1.5877437325905293,0,0.0,
1327,23,261297.84,11360.775652173912,110,26.05695652173913,358,7,22,1.9273743016759777,0,0.0,
1328,13,121978.53,9382.963846153845,48,28.814615384615383,361,5,13,1.0803324099722993,0,0.0,
1329,17,222535.19,13090.305294117647,100,26.47470588235294,338,4,17,1.5088757396449703,0,0.0,
1330,20,267589.03,13379.451500000001,114,26.983999999999998,363,2,20,1.6528925619834711,0,0.0,
1331,14,186643.16,13331.654285714287,67,26.65285714285714,309,56,14,1.3592233009708736,0,0.0,
1332,15,167753.68,11183.578666666666,65,26.753333333333334,314,47,14,1.4331210191082802,0,0.0,
1333,19,188259.83,9908.412105263158,88,26.987894736842104,313,11,18,1.8210862619808306,0,0.03,Low Risk
1334,18,249505.91,13861.439444444444,92,27.715,324,20,18,1.6666666666666665,0,0.0,
1335,21,328170.44,15627.16380952381,113,26.362857142857145,339,12,20,1.8584070796460175,0,0.0,
1336,25,415391.37,16615.6548,143,30.206,337,10,22,2.225519287833828,0,0.0,
1337,27,243468.43,9017.34925925926,125,28.07814814814815,359,6,25,2.256267409470752,0,0.0,
1338,17,221320.3,13018.841176470587,71,29.531764705882352,335,9,16,1.5223880597014927,0,0.0,
1339,24,343843.71,14326.82125,148,28.135416666666668,361,30,24,1.994459833795014,0,0.0,
1340,21,305375.66000000003,14541.698095238096,107,27.048095238095236,327,3,21,1.926605504587156,0,0.0,
1341,18,145346.4,8074.799999999999,67,27.389444444444443,345,4,18,1.565217391304348,0,0.0,
1342,25,298178.61,11927.1444,111,28.09,353,1,24,2.1246458923512748,0,0.0,
1343,20,222653.56,11132.678,96,28.317500000000003,363,16,20,1.6528925619834711,0,0.0,
1344,20,230008.66,11500.433,101,30.307,362,42,20,1.6574585635359116,0,0.0,
1345,19,260657.77,13718.83,100,28.02368421052632,361,14,18,1.5789473684210527,0,0.0,
1346,15,200927.09,13395.139333333333,89,29.759333333333334,324,30,14,1.3888888888888888,0,0.0,
1347,17,176513.67,10383.15705882353,85,27.417058823529413,355,12,15,1.436619718309859,0,0.0,
1348,22,302449.33999999997,13747.697272727271,115,26.69272727272727,363,31,22,1.8181818181818183,0,0.0,
1349,16,250698.53,15668.658125,90,25.18,342,0,15,1.4035087719298245,0,0.0,
1350,10,117894.92,11789.492,43,29.371,360,55,9,0.8333333333333334,0,0.01,Low Risk
1351,20,178189.45,8909.4725,95,24.647,351,3,18,1.7094017094017095,0,0.0,
1352,13,177222.81,13632.523846153847,71,26.63769230769231,311,62,13,1.2540192926045015,0,0.0,
1353,22,308556.19,14025.281363636364,106,27.396818181818183,344,6,21,1.9186046511627908,0,0.0,
1354,20,251411.21000000002,12570.560500000001,103,27.72,345,13,19,1.7391304347826086,0,0.0,
1355,19,296240.53,15591.606842105264,106,27.983157894736838,314,9,18,1.8152866242038217,0,0.0,
1356,18,241872.44,13437.357777777777,109,25.521666666666665,339,8,18,1.5929203539823007,0,0.0,
1357,12,118051.81,9837.650833333333,46,27.081666666666667,329,37,12,1.094224924012158,0,0.05,Low Risk
1358,20,180115.56,9005.778,84,28.9185,357,6,18,1.680672268907563,0,0.0,
1359,23,346059.94,15046.084347826087,129,30.321739130434782,360,42,22,1.9166666666666667,0,0.0,
1360,20,299767.71,14988.3855,112,27.2665,336,21,19,1.7857142857142858,0,0.0,
1361,12,134436.59,11203.049166666666,49,26.8925,297,5,12,1.2121212121212122,0,0.039,Low Risk
1362,19,319959.44,16839.97052631579,95,24.695789473684208,319,13,17,1.786833855799373,0,0.0,
1363,24,372590.47000000003,15524.602916666669,130,27.45041666666667,362,55,23,1.988950276243094,0,0.0,
1364,23,237734.72999999998,10336.292608695652,105,26.500434782608696,348,15,22,1.9827586206896552,0,0.0,
1365,20,293755.32,14687.766,108,26.2805,349,16,19,1.7191977077363898,0,0.0,
1366,18,231355.84,12853.102222222222,84,25.218333333333334,361,37,18,1.4958448753462603,0,0.0,
1367,13,170071.46000000002,13082.420000000002,58,28.826153846153847,335,15,13,1.164179104477612,0,0.0,
1368,25,306914.19,12276.5676,107,28.2092,350,52,24,2.142857142857143,0,0.0,
1369,15,202013.56,13467.570666666667,98,27.852666666666664,342,1,15,1.3157894736842104,0,0.0,
1370,25,274635.12,10985.4048,120,29.1472,348,6,24,2.1551724137931036,0,0.0,
1371,17,218669.68,12862.922352941176,93,28.03705882352941,352,31,17,1.4488636363636365,0,0.0,
1372,17,277107.59,16300.446470588236,104,29.63235294117647,363,9,16,1.4049586776859504,0,0.0,
1373,19,216065.95,11371.892105263158,89,28.472105263157896,354,38,19,1.6101694915254237,0,0.0,
1374,25,355448.92,14217.9568,133,27.206,348,4,21,2.1551724137931036,0,0.0,
1375,26,318713.09,12258.19576923077,128,30.227692307692305,337,14,24,2.314540059347181,0,0.0,
1376,21,272558.45,12978.97380952381,105,26.356190476190477,355,7,18,1.7746478873239435,0,0.0,
1377,22,249405.93,11336.63318181818,110,28.524545454545454,307,4,22,2.1498371335504887,0,0.0,
1378,26,240047.49,9232.59576923077,107,27.468461538461536,358,22,23,2.17877094972067,0,0.0,
1379,20,273660.13,13683.0065,90,29.160500000000003,359,10,19,1.6713091922005572,0,0.0,
1380,25,283651.05,11346.042,115,28.7016,300,1,23,2.5,0,0.0,
1381,17,191247.93,11249.878235294118,76,24.388823529411766,314,2,17,1.624203821656051,0,0.0,
1382,19,241878.28,12730.435789473684,100,28.085263157894737,331,5,19,1.7220543806646527,0,0.0,
1383,17,190366.00999999998,11198.000588235293,75,26.271176470588237,349,24,16,1.4613180515759312,0,0.0,
1384,20,286160.02,14308.001,107,26.869999999999997,355,22,19,1.6901408450704225,0,0.0,
1385,19,247178.63,13009.401578947369,95,26.09842105263158,363,30,17,1.5702479338842976,0,0.0,
1386,28,279471.18,9981.113571428572,135,27.725357142857142,354,8,26,2.3728813559322033,0,0.0,
1387,21,282116.58,13434.122857142858,103,26.357142857142858,361,41,20,1.745152354570637,0,0.0,
1388,12,162290.27000000002,13524.189166666669,73,30.385833333333334,325,33,12,1.1076923076923075,0,0.01,Low Risk
1389,27,365789.89,13547.773703703704,160,29.63074074074074,360,4,25,2.25,0,0.0,
1390,21,219984.47,10475.450952380952,91,26.475238095238097,344,18,21,1.8313953488372092,0,0.0,
1391,18,160017.92,8889.884444444446,72,27.871111111111112,358,0,17,1.5083798882681565,0,0.0,
1392,21,233709.12,11129.005714285715,95,28.71857142857143,357,4,21,1.7647058823529411,0,0.0,
1393,15,204900.36000000002,13660.024000000001,80,30.041333333333334,339,1,15,1.327433628318584,0,0.0,
1394,14,148698.97,10621.355,76,28.290714285714284,352,76,14,1.1931818181818183,0,0.019,Low Risk
1395,11,179358.44999999998,16305.313636363635,66,27.60363636363636,341,63,11,0.9677419354838709,0,0.0,
1396,23,239881.93,10429.649130434782,103,28.89434782608696,338,6,21,2.0414201183431953,0,0.0,
1397,15,163956.43,10930.428666666667,80,27.988666666666667,357,11,14,1.2605042016806722,0,0.0,
1398,20,206092.5,10304.625,90,27.3405,313,80,18,1.9169329073482428,0,0.0,
1399,22,222264.98,10102.953636363636,107,28.19454545454545,344,12,20,1.9186046511627908,0,0.0,
1400,29,411168.36,14178.219310344826,160,28.42206896551724,353,6,27,2.4645892351274785,0,0.0,
1401,18,267223.13,14845.729444444445,91,28.92,360,1,18,1.5,0,0.0,
1402,24,320109.01,13337.875416666668,156,27.806250000000002,353,0,23,2.039660056657224,0,0.0,
1403,17,247555.75,14562.10294117647,88,28.31764705882353,350,14,16,1.4571428571428573,0,0.0,
1404,28,308161.19,11005.756785714286,143,26.478214285714284,327,7,28,2.568807339449541,0,0.0,
1405,15,116742.1,7782.806666666667,61,24.862000000000002,313,79,15,1.4376996805111821,0,0.07,Low Risk
1406,25,334239.52,13369.580800000002,142,28.888,358,26,23,2.094972067039106,0,0.0,
1407,23,343971.99,14955.303913043477,104,28.936521739130434,350,3,20,1.9714285714285715,0,0.0,
1408,22,303524.26,13796.557272727274,107,28.332272727272724,345,30,22,1.9130434782608696,0,0.0,
1409,16,230246.8,14390.425,97,28.483125,359,0,15,1.3370473537604457,0,0.0,
1410,19,264178.81,13904.147894736841,99,26.64421052631579,355,25,17,1.6056338028169013,0,0.0,
1411,18,208619.27,11589.959444444445,84,29.925555555555555,280,10,18,1.9285714285714284,0,0.0,
1412,21,259100.31,12338.11,104,27.60047619047619,337,15,20,1.8694362017804156,0,0.0,
1413,20,247201.01,12360.050500000001,97,27.4945,363,0,18,1.6528925619834711,0,0.0,
1414,15,192823.68,12854.912,66,29.267999999999997,351,30,13,1.2820512820512822,0,0.0,
1415,19,282531.55,14870.081578947367,104,26.752105263157894,353,31,19,1.6147308781869687,0,0.0,
1416,25,289115.22,11564.608799999998,134,29.661199999999997,351,1,23,2.1367521367521367,0,0.0,
1417,17,194881.87,11463.639411764705,81,29.455882352941178,358,42,16,1.4245810055865922,0,0.0,
1418,16,228242.56,14265.16,92,27.044375,358,47,16,1.3407821229050279,0,0.0,
1419,22,257255.3,11693.422727272728,94,27.006363636363634,360,51,20,1.8333333333333333,0,0.0,
1420,15,185728.08000000002,12381.872000000001,66,27.756666666666668,264,22,15,1.7045454545454544,0,0.0,
1421,24,302799.79,12616.657916666665,118,27.16125,349,4,23,2.0630372492836675,0,0.0,
1422,16,221385.17,13836.573125,87,25.678125,334,29,16,1.437125748502994,0,0.0,
1423,27,317249.48,11749.98074074074,126,27.145925925925926,351,10,25,2.307692307692308,0,0.0,
1424,26,333022.87,12808.571923076923,121,28.658846153846152,317,24,25,2.460567823343849,0,0.0,
1425,23,264054.2,11480.617391304348,112,26.55826086956522,290,2,22,2.3793103448275863,0,0.0,
1426,21,301923.59,14377.31380952381,111,28.672857142857143,338,16,19,1.863905325443787,0,0.0,
1427,24,339635.07999999996,14151.461666666664,130,27.169583333333335,361,21,24,1.994459833795014,0,0.0,
1428,18,231316.05,12850.891666666666,77,26.551666666666666,303,16,16,1.7821782178217822,0,0.0,
1429,13,150610.65,11585.434615384615,65,28.604615384615386,278,58,13,1.4028776978417266,0,0.03,Low Risk
1430,20,267440.85000000003,13372.042500000001,99,27.163999999999998,361,0,19,1.662049861495845,0,0.0,
1431,19,213287.05,11225.634210526316,80,27.681578947368422,340,33,19,1.676470588235294,0,0.0,
1432,19,276568.45,14556.234210526316,103,28.918947368421055,321,13,19,1.7757009345794394,0,0.0,
1433,20,221372.53999999998,11068.626999999999,83,25.947000000000003,351,21,17,1.7094017094017095,0,0.0,
1434,32,371422.83,11606.9634375,148,27.6796875,340,1,27,2.8235294117647056,0,0.0,
1435,19,213503.66,11237.034736842106,88,26.88421052631579,363,1,19,1.5702479338842976,0,0.0,
1436,15,204697.49,13646.499333333333,61,27.823333333333334,326,22,15,1.3803680981595092,0,0.0,
1437,19,347294.60000000003,18278.663157894738,105,28.454736842105262,325,4,18,1.7538461538461538,0,0.0,
1438,23,281433.58,12236.242608695653,136,25.42739130434783,353,24,21,1.9546742209631727,0,0.0,
1439,22,323559.52,14707.25090909091,122,26.13272727272727,354,3,20,1.8644067796610169,0,0.0,
1440,23,312207.29,13574.23,121,29.69347826086957,356,5,22,1.9382022471910112,0,0.0,
1441,21,193940.13,9235.244285714285,109,27.770476190476188,354,0,21,1.7796610169491525,0,0.0,
1442,24,288352.08999999997,12014.670416666666,136,28.95041666666667,352,3,23,2.0454545454545454,0,0.0,
1443,21,270307.09,12871.766190476192,104,26.475714285714286,361,17,21,1.745152354570637,0,0.0,
1444,21,312905.53,14900.263333333334,115,28.848571428571432,349,30,21,1.8051575931232093,0,0.0,
1445,26,447591.4,17215.053846153845,147,28.513461538461538,362,4,25,2.154696132596685,0,0.0,
1446,19,233935.32,12312.385263157896,103,28.489473684210523,344,5,18,1.6569767441860466,0,0.0,
1447,16,213468.4,13341.775,80,27.5225,347,17,16,1.38328530259366,0,0.0,
1448,14,252318.27000000002,18022.733571428573,78,29.138571428571428,357,24,13,1.1764705882352942,0,0.0,
1449,29,368067.82,12691.99379310345,146,27.3,345,13,27,2.5217391304347827,0,0.0,
1450,24,311053.83,12960.57625,135,26.316666666666666,352,6,23,2.0454545454545454,0,0.0,
1451,18,279817.07,15545.392777777779,100,24.369999999999997,300,21,18,1.8,0,0.0,
1452,17,142068.79,8356.987647058824,82,28.634705882352943,350,51,17,1.4571428571428573,0,0.0,
1453,16,288984.59,18061.536875,93,27.190625,317,7,16,1.5141955835962146,0,0.0,
1454,20,247575.38,12378.769,101,26.1195,361,2,20,1.662049861495845,0,0.0,
1455,19,258563.08000000002,13608.583157894738,102,31.379473684210527,360,65,19,1.5833333333333333,0,0.0,
1456,15,130221.48,8681.431999999999,60,27.84333333333333,336,10,15,1.3392857142857144,0,0.0,
1457,14,165787.97,11841.997857142856,63,31.599999999999998,337,49,13,1.2462908011869438,0,0.0,
1458,24,305560.9,12731.704166666668,122,30.184166666666666,363,11,23,1.9834710743801653,0,0.0,
1459,18,233822.38,12990.132222222222,101,28.83666666666667,362,3,18,1.4917127071823204,0,0.0,
1460,25,319236.22,12769.448799999998,114,26.847600000000003,357,9,24,2.100840336134454,0,0.0,
1461,23,284988.71,12390.81347826087,106,29.5995652173913,360,30,23,1.9166666666666667,0,0.0,
1462,18,226552.94,12586.274444444445,97,24.811666666666667,354,20,17,1.5254237288135593,0,0.0,
1463,15,201574.94,13438.329333333333,83,27.361333333333334,362,12,15,1.2430939226519337,0,0.0,
1464,16,183484.78,11467.79875,72,29.804375,326,26,16,1.4723926380368098,0,0.01,Low Risk
1465,16,257852.6,16115.7875,96,28.444375,336,45,15,1.4285714285714286,0,0.0,
1466,17,252471.6,14851.270588235295,93,24.65294117647059,363,36,17,1.4049586776859504,0,0.0,
1467,16,177503.03,11093.939375,91,25.551875,316,50,15,1.518987341772152,0,0.0,
1468,17,209160.75,12303.573529411764,75,31.372352941176473,346,4,17,1.4739884393063585,0,0.0,
1469,13,174459.99000000002,13419.999230769232,62,26.123076923076926,352,24,13,1.1079545454545456,0,0.0,
1470,28,289943.32,10355.118571428571,121,27.31107142857143,346,23,26,2.4277456647398843,0,0.0,
1471,22,294549.86,13388.63,109,29.471363636363638,359,3,20,1.8384401114206128,0,0.0,
1472,18,179249.82,9958.323333333334,93,28.67055555555556,355,23,17,1.5211267605633803,0,0.0,
1473,23,216000.56,9391.328695652173,103,28.538260869565217,345,16,23,2.0,0,0.0,
1474,15,211241.87,14082.791333333333,79,28.58133333333333,362,60,14,1.2430939226519337,0,0.0,
1475,30,380989.89,12699.663,165,27.109333333333332,362,14,28,2.4861878453038675,0,0.0,
1476,22,250536.95,11388.043181818182,105,28.510454545454547,360,2,21,1.8333333333333333,0,0.0,
1477,18,213677.33000000002,11870.962777777779,105,28.370555555555555,351,4,17,1.5384615384615385,0,0.0,
1478,12,216874.52,18072.876666666667,68,30.040000000000003,293,41,11,1.228668941979522,0,0.0,
1479,20,223899.0,11194.95,111,25.944,343,8,19,1.749271137026239,0,0.0,
1480,23,356552.49,15502.282173913043,113,27.686521739130434,347,13,22,1.9884726224783862,0,0.0,
1481,20,159226.91,7961.3455,79,27.686,324,23,19,1.8518518518518516,0,0.03,Low Risk
1482,16,214349.86000000002,13396.866250000001,84,26.935625,313,47,16,1.5335463258785942,0,0.0,
1483,12,160828.22999999998,13402.352499999999,64,26.261666666666667,360,10,12,1.0,0,0.0,
1484,25,354676.65,14187.066,112,27.022800000000004,361,14,23,2.0775623268698062,0,0.0,
1485,12,117666.06,9805.505,59,25.360833333333332,315,101,11,1.1428571428571428,1,0.86,High Risk
1486,16,206983.85,12936.490625,82,24.971875,341,12,16,1.407624633431085,0,0.0,
1487,14,171786.43000000002,12270.459285714287,78,28.67642857142857,341,8,14,1.2316715542521994,0,0.0,
1488,17,184717.32,10865.724705882354,83,27.333529411764708,351,33,16,1.4529914529914532,0,0.0,
1489,23,321393.8,13973.643478260869,120,29.312173913043477,358,41,21,1.9273743016759777,0,0.0,
1490,16,191292.45,11955.778125,79,29.34,343,41,15,1.3994169096209912,0,0.0,
1491,16,207740.12,12983.7575,83,26.655625,359,13,16,1.3370473537604457,0,0.0,
1492,21,190900.83000000002,9090.515714285715,95,24.776666666666664,359,21,21,1.7548746518105849,0,0.0,
1493,20,223227.73,11161.3865,108,26.7385,344,17,19,1.744186046511628,0,0.0,
1494,21,241065.49,11479.309047619046,96,25.564285714285717,311,18,20,2.02572347266881,0,0.0,
1495,18,217294.02,12071.89,82,26.40111111111111,336,15,18,1.6071428571428572,0,0.0,
1496,20,246729.0,12336.45,91,25.5285,354,60,20,1.694915254237288,0,0.0,
1497,15,208599.35,13906.623333333333,79,25.363333333333333,303,17,15,1.4851485148514851,0,0.0,
1498,20,275227.47000000003,13761.373500000002,114,27.647000000000002,358,24,20,1.675977653631285,0,0.0,
1499,25,251353.8,10054.152,128,28.069200000000002,351,36,21,2.1367521367521367,0,0.0,
